tRNA	unt1_percent_charg	unt2_percent_charg	unt3_percent_charg	deac1_percent_charg	deac2_percent_charg
Ala-AGC	27.320819112627987	25.995834418120282	67.07702020202021	12.282100155952175	16.730290456431536
Ala-TGC	25.797728501892916	26.39855632895076	27.555062113665006	12.134867626941338	17.16224725390051
Arg-ACG	26.015424164524422	25.31277276694792	32.13342873356196	10.603997993838217	18.63879771981344
Arg-CCG	27.766323024054984	36.36363636363637	34.67966573816156	17.8117048346056	20.371352785145888
Arg-CCT	30.564479118861865	33.4070796460177	34.843838727995454	14.86530347289841	17.85467128027682
Arg-TCT	24.357000285143997	22.53501000285796	32.28089830422162	8.128664910342483	19.121673003802282
Asn-GTT	10.670330299387487	8.771929824561404	14.138741916519693	7.4554225170126625	12.817726725910978
Asp-GTC	16.113422575976845	18.958269250487028	17.05586240648815	5.161980665633533	10.399171120078526
Cys-GCA	11.912268677176147	11.14764879973693	16.805705499394772	10.879169427877182	14.388882809935442
Gln-CTG	40.08001882795952	39.283065512978986	59.35561052759642	13.301362948006057	20.96312209094164
Gln-TTG	43.65421455938697	42.76351720371382	57.835705922228385	20.39322033898305	28.167074663402694
Glu-CTC	46.15384615384615	46.59340659340659	59.29472209248015	5.22339736671703	8.018264840182649
Glu-TTC	45.09370816599732	47.167868177136974	56.96364351539672	5.443450942484292	7.311676082862523
Gly-CCC	25.493885230479773	34.43877551020408	29.67012772213544	13.723883654240066	17.31877464361541
Gly-GCC	27.29281767955801	39.24660007221085	26.95059244355019	17.203308940502705	22.782631718294944
Gly-TCC	33.06496910690882	36.12704014115571	43.15941893596151	21.287593984962406	29.293957909029192
His-GTG	23.39533932951758	27.356373429084382	28.527494567942504	12.658666851633487	16.39268349154897
Ile-AAT	34.2782786504322	35.961488420504814	35.69713250707206	10.292255892255893	21.691342858990108
Ile-TAT	42.32329084588644	42.08304011259676	43.889545019965134	10.410724472333143	24.35366094335899
Leu-CAA	51.177506686672324	54.37332439678284	56.04797130688186	10.853613997808692	16.464226625237078
Leu-GAG	48.65694551036071	51.578947368421055	61.003213636998744	32.48971844353053	43.61204013377927
Leu-TAA	51.246193752114586	53.21243523316062	55.53782247485789	17.751004016064257	22.879464285714285
Leu-TAG	43.1117203564085	47.27345629510826	57.55996222851747	15.787273183376536	18.660647103085026
Lys-CTT	27.261843680519924	32.39372238305653	37.432284764362606	7.589837673991943	16.015012785614122
Lys-TTT	23.873647118046815	26.279150713539853	36.01294450777774	4.88420087135978	10.234380887783555
Met-CAT	33.19887051230335	38.45601436265709	39.22457740810303	10.49718825314648	13.458504260018934
Phe-GAA	19.98460569589252	26.61115133960898	22.026531901452937	9.690304763783411	17.259659496380873
Pro-AGG	17.446524064171122	19.55503512880562	36.29922900604293	19.07894736842105	16.383495145631066
Pro-TGG	12.635933806146571	13.361344537815127	21.134789090590196	10.635437305406171	9.816017316017316
Ser-AGA	21.166914004530188	31.856961335995642	28.650243777264564	9.591494995911056	20.058422590068158
Ser-CGA	23.92444910807975	34.70225872689939	31.490659550133437	11.787665886026542	21.931956257594166
Ser-GCT	20.29276117906557	29.337016574585636	26.638328019837054	11.159663865546218	15.70235828328695
Ser-TGA	25.820962663067927	35.483870967741936	33.322688807280855	10.114030738720873	20.575329107752317
Thr-AGT	34.91381845990941	45.9013484740951	43.4465411668298	9.607435071414317	18.54349532576893
Thr-CGT	37.74230330672748	41.59132007233273	46.22991347342398	11.029411764705882	18.207480592801694
Thr-TGT	33.4749362786746	45.59585492227979	42.477229764564356	20.709060213843557	21.430399181166838
Trp-CCA	34.78994582112088	49.513513513513516	40.618067298592905	18.64907005234436	28.58411993337035
Tyr-GTA	35.05666821922062	49.49334393006159	52.8819667377752	7.2999711843242725	15.122543841115572
Val-AAC	44.18682795698925	49.70804012576733	44.32143822654771	13.822777192718519	32.25060559348161
Val-CAC	46.74959871589085	52.6686807653575	47.30401529636711	16.33895131086142	31.54644962110581
Val-TAC	45.763195435092726	59.94854202401372	52.155602349551145	14.493901473150641	33.96504139834406
iMet-CAT	26.558139534883722	37.92667509481669	42.63133621231814	14.563106796116505	17.1571696931747
